/*
Navicat MySQL Data Transfer

Source Server         : 新开发框架(framework)
Source Server Version : 50534
Source Host           : 192.168.1.254:3306
Source Database       : framework

Target Server Type    : MYSQL
Target Server Version : 50534
File Encoding         : 65001

Date: 2016-10-11 19:14:47
*/

SET FOREIGN_KEY_CHECKS=0;

-- ----------------------------
-- Records of FRAMEWORK_SYS_USER
-- ----------------------------
INSERT INTO `FRAMEWORK_SYS_USER` VALUES ('53974380ffe711e5bb6600188b839ae8', 'test', '123456');
INSERT INTO `FRAMEWORK_SYS_USER` VALUES ('9c487b34fe2111e5bb6600188b839ae8', 'test', '123456');
INSERT INTO `FRAMEWORK_SYS_USER` VALUES ('a1', 'admin', '123456');
INSERT INTO `FRAMEWORK_SYS_USER` VALUES ('b9bcd570fc6e11e5bb6600188b839ae8', 'test', '123456');
INSERT INTO `FRAMEWORK_SYS_USER` VALUES ('f7a8c770ffe511e5bb6600188b839ae8', 'test', '123456');


-- ----------------------------
-- Records of SYS_PERMISION
-- ----------------------------
INSERT INTO `SYS_PERMISION` VALUES ('37aa70a48f9b11e6b98600188b839ae8', '权限维护', '7d531d1a497111e6af1500188b839ae8', '0', '0', '/admin/system/syspermision/save', '/admin/system/syspermision/show,/admin/system/syspermision/delete', '', null);
INSERT INTO `SYS_PERMISION` VALUES ('5a57135a863111e6b98600188b839ae8', 'zxydemo', '', '1', '1', '#', '#', '', null);
INSERT INTO `SYS_PERMISION` VALUES ('5c8601108dc311e6b98600188b839ae8', '汽车列表', '7d3f2a468d1c11e6b98600188b839ae8', '0', '1', '/car/carlist', null, '汽车列表', null);
INSERT INTO `SYS_PERMISION` VALUES ('70b34fd88f9b11e6b98600188b839ae8', '角色维护', 'c93880ac22e411e6af1500188b839ae8', '0', '0', '/admin/system/sysrole/show', '/admin/system/sysrole/permisions.json,/admin/system/sysrole/delete,/admin/system/sysrole/save', '', null);
INSERT INTO `SYS_PERMISION` VALUES ('73c3a20e863111e6b98600188b839ae8', '列表', '5a57135a863111e6b98600188b839ae8', '1', '1', '/admin/system/zxydemo/list', null, '列表', null);
INSERT INTO `SYS_PERMISION` VALUES ('7895ffe415ba11e6af1500188b839ae8', '系统管理', null, '1', '0', '#', null, '', null);
INSERT INTO `SYS_PERMISION` VALUES ('7d3f2a468d1c11e6b98600188b839ae8', 'car', '', '1', '2', '#', null, '', null);
INSERT INTO `SYS_PERMISION` VALUES ('7d531d1a497111e6af1500188b839ae8', '权限管理', '7895ffe415ba11e6af1500188b839ae8', '1', '3', '/admin/system/syspermision/list', '/admin/system/syspermision/list.json,/admin/system/syspermision/query', '', null);
INSERT INTO `SYS_PERMISION` VALUES ('b5a0591a8f9b11e6b98600188b839ae8', '用户维护', 'f8dca6ae15b911e6af1500188b839ae8', '0', '0', '/admin/system/sysuser/show', '/admin/system/sysuser/save,/admin/system/sysuser/delete', '', null);
INSERT INTO `SYS_PERMISION` VALUES ('c93880ac22e411e6af1500188b839ae8', '角色管理', '7895ffe415ba11e6af1500188b839ae8', '1', '2', '/admin/system/sysrole/list', '/admin/system/sysrole/list.json', '修改', null);
INSERT INTO `SYS_PERMISION` VALUES ('ede0d48a8d2011e6b98600188b839ae8', '列表', '7d3f2a468d1c11e6b98600188b839ae8', '1', '1', '/car/carlist', null, '列表', null);
INSERT INTO `SYS_PERMISION` VALUES ('f8dca6ae15b911e6af1500188b839ae8', '用户管理', '7895ffe415ba11e6af1500188b839ae8', '1', '1', '/admin/system/sysuser/list', '/admin/system/sysuser/list.json', '', null);


-- ----------------------------
-- Records of SYS_ROLE
-- ----------------------------
INSERT INTO `SYS_ROLE` VALUES ('178b0b5c126f11e6af1500188b839ae8', '管理员', '权限较高');
INSERT INTO `SYS_ROLE` VALUES ('875e0516863111e6b98600188b839ae8', '张小燕权限', '');
INSERT INTO `SYS_ROLE` VALUES ('be2578481c0c11e6af1500188b839ae8', '普通用户', '');


-- ----------------------------
-- Records of SYS_ROLE_PERMISION
-- ----------------------------
INSERT INTO `SYS_ROLE_PERMISION` VALUES ('01611a9c8f9c11e6b98600188b839ae8', '875e0516863111e6b98600188b839ae8', '7895ffe415ba11e6af1500188b839ae8', null);
INSERT INTO `SYS_ROLE_PERMISION` VALUES ('0161924c8f9c11e6b98600188b839ae8', '875e0516863111e6b98600188b839ae8', 'f8dca6ae15b911e6af1500188b839ae8', null);
INSERT INTO `SYS_ROLE_PERMISION` VALUES ('0161f3048f9c11e6b98600188b839ae8', '875e0516863111e6b98600188b839ae8', 'b5a0591a8f9b11e6b98600188b839ae8', null);
INSERT INTO `SYS_ROLE_PERMISION` VALUES ('01624b748f9c11e6b98600188b839ae8', '875e0516863111e6b98600188b839ae8', 'c93880ac22e411e6af1500188b839ae8', null);
INSERT INTO `SYS_ROLE_PERMISION` VALUES ('01629f0c8f9c11e6b98600188b839ae8', '875e0516863111e6b98600188b839ae8', '70b34fd88f9b11e6b98600188b839ae8', null);
INSERT INTO `SYS_ROLE_PERMISION` VALUES ('0162f3948f9c11e6b98600188b839ae8', '875e0516863111e6b98600188b839ae8', '7d531d1a497111e6af1500188b839ae8', null);
INSERT INTO `SYS_ROLE_PERMISION` VALUES ('01634af68f9c11e6b98600188b839ae8', '875e0516863111e6b98600188b839ae8', '37aa70a48f9b11e6b98600188b839ae8', null);
INSERT INTO `SYS_ROLE_PERMISION` VALUES ('0163a2da8f9c11e6b98600188b839ae8', '875e0516863111e6b98600188b839ae8', '5a57135a863111e6b98600188b839ae8', null);
INSERT INTO `SYS_ROLE_PERMISION` VALUES ('0164075c8f9c11e6b98600188b839ae8', '875e0516863111e6b98600188b839ae8', '73c3a20e863111e6b98600188b839ae8', null);
INSERT INTO `SYS_ROLE_PERMISION` VALUES ('f286231e8f9b11e6b98600188b839ae8', '178b0b5c126f11e6af1500188b839ae8', '7895ffe415ba11e6af1500188b839ae8', null);
INSERT INTO `SYS_ROLE_PERMISION` VALUES ('f286b25c8f9b11e6b98600188b839ae8', '178b0b5c126f11e6af1500188b839ae8', 'f8dca6ae15b911e6af1500188b839ae8', null);
INSERT INTO `SYS_ROLE_PERMISION` VALUES ('f28721888f9b11e6b98600188b839ae8', '178b0b5c126f11e6af1500188b839ae8', 'b5a0591a8f9b11e6b98600188b839ae8', null);
INSERT INTO `SYS_ROLE_PERMISION` VALUES ('f287969a8f9b11e6b98600188b839ae8', '178b0b5c126f11e6af1500188b839ae8', 'c93880ac22e411e6af1500188b839ae8', null);
INSERT INTO `SYS_ROLE_PERMISION` VALUES ('f288166a8f9b11e6b98600188b839ae8', '178b0b5c126f11e6af1500188b839ae8', '70b34fd88f9b11e6b98600188b839ae8', null);
INSERT INTO `SYS_ROLE_PERMISION` VALUES ('f288b70a8f9b11e6b98600188b839ae8', '178b0b5c126f11e6af1500188b839ae8', '7d531d1a497111e6af1500188b839ae8', null);
INSERT INTO `SYS_ROLE_PERMISION` VALUES ('f2893ee68f9b11e6b98600188b839ae8', '178b0b5c126f11e6af1500188b839ae8', '37aa70a48f9b11e6b98600188b839ae8', null);
INSERT INTO `SYS_ROLE_PERMISION` VALUES ('f289aba68f9b11e6b98600188b839ae8', '178b0b5c126f11e6af1500188b839ae8', '5a57135a863111e6b98600188b839ae8', null);
INSERT INTO `SYS_ROLE_PERMISION` VALUES ('f28a22c08f9b11e6b98600188b839ae8', '178b0b5c126f11e6af1500188b839ae8', '73c3a20e863111e6b98600188b839ae8', null);
INSERT INTO `SYS_ROLE_PERMISION` VALUES ('f28a8c6a8f9b11e6b98600188b839ae8', '178b0b5c126f11e6af1500188b839ae8', '7d3f2a468d1c11e6b98600188b839ae8', null);
INSERT INTO `SYS_ROLE_PERMISION` VALUES ('f28af1828f9b11e6b98600188b839ae8', '178b0b5c126f11e6af1500188b839ae8', '5c8601108dc311e6b98600188b839ae8', null);
INSERT INTO `SYS_ROLE_PERMISION` VALUES ('f28b4e708f9b11e6b98600188b839ae8', '178b0b5c126f11e6af1500188b839ae8', 'ede0d48a8d2011e6b98600188b839ae8', null);
INSERT INTO `SYS_ROLE_PERMISION` VALUES ('fc595a0a8f9b11e6b98600188b839ae8', 'be2578481c0c11e6af1500188b839ae8', '7895ffe415ba11e6af1500188b839ae8', null);
INSERT INTO `SYS_ROLE_PERMISION` VALUES ('fc59da2a8f9b11e6b98600188b839ae8', 'be2578481c0c11e6af1500188b839ae8', 'f8dca6ae15b911e6af1500188b839ae8', null);
INSERT INTO `SYS_ROLE_PERMISION` VALUES ('fc5a38a88f9b11e6b98600188b839ae8', 'be2578481c0c11e6af1500188b839ae8', 'c93880ac22e411e6af1500188b839ae8', null);
INSERT INTO `SYS_ROLE_PERMISION` VALUES ('fc5a8e168f9b11e6b98600188b839ae8', 'be2578481c0c11e6af1500188b839ae8', '7d531d1a497111e6af1500188b839ae8', null);
INSERT INTO `SYS_ROLE_PERMISION` VALUES ('fc5ae55a8f9b11e6b98600188b839ae8', 'be2578481c0c11e6af1500188b839ae8', '5a57135a863111e6b98600188b839ae8', null);
INSERT INTO `SYS_ROLE_PERMISION` VALUES ('fc5b38668f9b11e6b98600188b839ae8', 'be2578481c0c11e6af1500188b839ae8', '73c3a20e863111e6b98600188b839ae8', null);
INSERT INTO `SYS_ROLE_PERMISION` VALUES ('fc5b8ed88f9b11e6b98600188b839ae8', 'be2578481c0c11e6af1500188b839ae8', '7d3f2a468d1c11e6b98600188b839ae8', null);


-- ----------------------------
-- Records of SYS_USER
-- ----------------------------
INSERT INTO `SYS_USER` VALUES ('459b9b84634a11e6af1500188b839ae8', 'zhuyong', '4297f44b13955235245b2497399d7a93', null, null, '朱勇', '', '2016-08-16 00:00:00', '2016-08-24 19:33:48', null, '');
INSERT INTO `SYS_USER` VALUES ('52502dce606911e6af1500188b839ae8', 'yulirong', '524374d4d09cf20205585cf589bd579b', '27aa438dc1e7e71de1e0f96f4191abe2', null, '余力荣', '1564829981@qq.com', '2016-08-12 00:00:00', '2016-08-16 00:00:00', null, '');
INSERT INTO `SYS_USER` VALUES ('55bd4d0e635011e6af1500188b839ae8', 'hxzjj', 'c012bfb15c1d97d6a54d6f05778326da', '245252ac8515ea400b100c68b7d9f5d7', null, '章俊健', '', '2016-08-16 00:00:00', '2016-08-16 00:00:00', null, '');
INSERT INTO `SYS_USER` VALUES ('63dde80c8d0411e6b98600188b839ae8', 'guanjiayi', 'addffd75776e525789f0333a1cbf8423', '1257ae9519d175c137828c5c675fae2b', null, 'gjy', '1@1.1', '2016-10-08 11:07:47', null, null, '');
INSERT INTO `SYS_USER` VALUES ('75b28114862911e6b98600188b839ae8', 'zhangxy', 'ba9c8edd5537116d7983803dbae543d6', '2cf8c7a13c5689acadee347664e7d5b7', null, '张小燕', 'zhangxiaoyan@icinfo.com.cn', '2016-09-29 17:51:36', '2016-09-29 18:49:33', null, '');
INSERT INTO `SYS_USER` VALUES ('80df2ace556e11e6af1500188b839ae8', 'yushunwei11212212', '711d1e395e1fb04bb6de53e282f44bfd', '13d29e33d5f1b3346452795a04f3a07d', null, 'yushunweixx', 'yushunwei@163.com', '2016-07-29 00:00:00', '2016-09-20 19:27:13', null, '');
INSERT INTO `SYS_USER` VALUES ('8c325e1215c411e6af1500188b839ae8', 'admin123', '40bddf9fcc59fc659cb52449493894ae', '2730e20e187160d2119e3d9ec375afd0', null, '管理员', 'admin2222@qq.com', '2016-05-09 00:00:00', '2016-08-16 00:00:00', null, '超级管理员');
INSERT INTO `SYS_USER` VALUES ('8e85d0e84c8a11e6af1500188b839ae8', 'llh', 'f0832452b3157da535bed8726bd39bc3', '3cc19c4e28e2371dfe01bff65fe20c90', null, '黎力豪', '740641026@11.comuu', '2016-07-18 00:00:00', '2016-08-26 19:34:17', null, '');
INSERT INTO `SYS_USER` VALUES ('92918ea6862e11e6b98600188b839ae8', 'jinlixiang', 'efe04f3d6c28966678addf7c9d0032ac', 'a2690fcf14ef334646b401ee6fb33375', null, '金李祥', 'jinlixiang@icinfo.com.cn', '2016-09-29 18:26:41', '2016-09-29 18:27:59', null, '是事实上事实上事实上\'\\\'\\\'\\\'\'\'\'\'');
INSERT INTO `SYS_USER` VALUES ('941a2b504a6711e6af1500188b839ae8', 'asdasd111', 'asdasd', null, null, '杨尚杭', '1046976621@qq.com', '2016-07-15 00:00:00', '2016-08-16 00:00:00', null, '');
INSERT INTO `SYS_USER` VALUES ('b4bff23c86d411e6b98600188b839ae8', 'mayawei', '02b1e3831981e6956d99ac63f3baecfa', 'a256bb04498d44544a6a2e3aa83281bd', null, '马亚伟', '1063967330@qq.com', '2016-09-30 14:17:26', null, null, '');
INSERT INTO `SYS_USER` VALUES ('beac22044ee711e6af1500188b839ae8', 'fgf', '111', null, null, '辅导辅导费3', '', '2016-07-21 00:00:00', '2016-08-16 00:00:00', null, '');
INSERT INTO `SYS_USER` VALUES ('d195655c86d611e6b98600188b839ae8', 'zzzzzz', '5ce27ae8d8447b2a63b9ca9741b3f026', 'c65e70a340a2cc34ab8ea799325389b8', null, 'z', '1@1.1', '2016-09-30 14:32:31', null, null, '1');
INSERT INTO `SYS_USER` VALUES ('dc1c286c4eeb11e6af1500188b839ae8', 'yushunwei', 'e45d680a08f401b673e0322e115a5422', 'cc683f8d23a5aed8ae52af1288e1f62f', null, '余顺伟11', '111@qq.com', '2016-07-21 00:00:00', '2016-08-28 17:20:40', null, '');
INSERT INTO `SYS_USER` VALUES ('fb4f87c27f2111e6b98600188b839ae8', 'user123', '40bddf9fcc59fc659cb52449493894ae', '2730e20e187160d2119e3d9ec375afd0', null, '普通用户测试', '', '2016-09-20 19:10:02', null, null, '');


-- ----------------------------
-- Records of SYS_USER_ROLE
-- ----------------------------
INSERT INTO `SYS_USER_ROLE` VALUES ('06548f206d0011e6b98600188b839ae8', 'dc1c286c4eeb11e6af1500188b839ae8', '178b0b5c126f11e6af1500188b839ae8');
INSERT INTO `SYS_USER_ROLE` VALUES ('0d2895c4499411e6af1500188b839ae8', '0d216f42499411e6af1500188b839ae8', 'be2578481c0c11e6af1500188b839ae8');
INSERT INTO `SYS_USER_ROLE` VALUES ('0f459b44499511e6af1500188b839ae8', '0f41fab6499511e6af1500188b839ae8', 'be2578481c0c11e6af1500188b839ae8');
INSERT INTO `SYS_USER_ROLE` VALUES ('382170b45d6911e6af1500188b839ae8', '8c325e1215c411e6af1500188b839ae8', '178b0b5c126f11e6af1500188b839ae8');
INSERT INTO `SYS_USER_ROLE` VALUES ('3c7744a85d6511e6af1500188b839ae8', '941a2b504a6711e6af1500188b839ae8', '964422d0556311e6af1500188b839ae8');
INSERT INTO `SYS_USER_ROLE` VALUES ('478e583e635711e6af1500188b839ae8', '55bd4d0e635011e6af1500188b839ae8', '178b0b5c126f11e6af1500188b839ae8');
INSERT INTO `SYS_USER_ROLE` VALUES ('4b0fd0a8634a11e6af1500188b839ae8', '4b0f4aac634a11e6af1500188b839ae8', '178b0b5c126f11e6af1500188b839ae8');
INSERT INTO `SYS_USER_ROLE` VALUES ('549ce8125af411e6af1500188b839ae8', '16082374547711e6af1500188b839ae8', '8c691068546411e6af1500188b839ae8');
INSERT INTO `SYS_USER_ROLE` VALUES ('549f55f25af411e6af1500188b839ae8', '16082374547711e6af1500188b839ae8', 'c3da99e04e2911e6af1500188b839ae8');
INSERT INTO `SYS_USER_ROLE` VALUES ('55acc4ee634a11e6af1500188b839ae8', '55ac4046634a11e6af1500188b839ae8', '178b0b5c126f11e6af1500188b839ae8');
INSERT INTO `SYS_USER_ROLE` VALUES ('5ef28be81c2211e6af1500188b839ae8', '5bd971fa18ea11e6af1500188b839ae8', 'be2578481c0c11e6af1500188b839ae8');
INSERT INTO `SYS_USER_ROLE` VALUES ('60264e526b8011e6b98600188b839ae8', '8e85d0e84c8a11e6af1500188b839ae8', '178b0b5c126f11e6af1500188b839ae8');
INSERT INTO `SYS_USER_ROLE` VALUES ('620d80b67f2411e6b98600188b839ae8', '80df2ace556e11e6af1500188b839ae8', '178b0b5c126f11e6af1500188b839ae8');
INSERT INTO `SYS_USER_ROLE` VALUES ('620e49ce7f2411e6b98600188b839ae8', '80df2ace556e11e6af1500188b839ae8', 'be2578481c0c11e6af1500188b839ae8');
INSERT INTO `SYS_USER_ROLE` VALUES ('63df98a08d0411e6b98600188b839ae8', '63dde80c8d0411e6b98600188b839ae8', 'be2578481c0c11e6af1500188b839ae8');
INSERT INTO `SYS_USER_ROLE` VALUES ('666b6d56556e11e6af1500188b839ae8', '666aa0d8556e11e6af1500188b839ae8', '178b0b5c126f11e6af1500188b839ae8');
INSERT INTO `SYS_USER_ROLE` VALUES ('666bee0c556e11e6af1500188b839ae8', '666aa0d8556e11e6af1500188b839ae8', 'be2578481c0c11e6af1500188b839ae8');
INSERT INTO `SYS_USER_ROLE` VALUES ('666c63e6556e11e6af1500188b839ae8', '666aa0d8556e11e6af1500188b839ae8', 'c0ab38ea546111e6af1500188b839ae8');
INSERT INTO `SYS_USER_ROLE` VALUES ('6a3a03e24a4d11e6af1500188b839ae8', '6a3088124a4d11e6af1500188b839ae8', '178b0b5c126f11e6af1500188b839ae8');
INSERT INTO `SYS_USER_ROLE` VALUES ('805071604a4e11e6af1500188b839ae8', '804b4c944a4e11e6af1500188b839ae8', '178b0b5c126f11e6af1500188b839ae8');
INSERT INTO `SYS_USER_ROLE` VALUES ('83079664606911e6af1500188b839ae8', '52502dce606911e6af1500188b839ae8', '178b0b5c126f11e6af1500188b839ae8');
INSERT INTO `SYS_USER_ROLE` VALUES ('8e628e5e863111e6b98600188b839ae8', '75b28114862911e6b98600188b839ae8', '178b0b5c126f11e6af1500188b839ae8');
INSERT INTO `SYS_USER_ROLE` VALUES ('8e66e99a863111e6b98600188b839ae8', '75b28114862911e6b98600188b839ae8', '875e0516863111e6b98600188b839ae8');
INSERT INTO `SYS_USER_ROLE` VALUES ('a00aca5e86d611e6b98600188b839ae8', 'a0090f3e86d611e6b98600188b839ae8', '7aac29e286d611e6b98600188b839ae8');
INSERT INTO `SYS_USER_ROLE` VALUES ('ad164d1048c711e6af1500188b839ae8', 'ad0cb68848c711e6af1500188b839ae8', '178b0b5c126f11e6af1500188b839ae8');
INSERT INTO `SYS_USER_ROLE` VALUES ('b4c64a1a86d411e6b98600188b839ae8', 'b4bff23c86d411e6b98600188b839ae8', '178b0b5c126f11e6af1500188b839ae8');
INSERT INTO `SYS_USER_ROLE` VALUES ('c0a34de8862e11e6b98600188b839ae8', '92918ea6862e11e6b98600188b839ae8', '178b0b5c126f11e6af1500188b839ae8');
INSERT INTO `SYS_USER_ROLE` VALUES ('c24b9aca4a2811e6af1500188b839ae8', '6ec8f0a618ea11e6af1500188b839ae8', '178b0b5c126f11e6af1500188b839ae8');
INSERT INTO `SYS_USER_ROLE` VALUES ('c4ade6ac5d5a11e6af1500188b839ae8', 'c4ac209c5d5a11e6af1500188b839ae8', '178b0b5c126f11e6af1500188b839ae8');
INSERT INTO `SYS_USER_ROLE` VALUES ('c6fd65dc4fee11e6af1500188b839ae8', 'd7c7b2624ee711e6af1500188b839ae8', '178b0b5c126f11e6af1500188b839ae8');
INSERT INTO `SYS_USER_ROLE` VALUES ('c6fdeec64fee11e6af1500188b839ae8', 'd7c7b2624ee711e6af1500188b839ae8', '79b8687a4e2d11e6af1500188b839ae8');
INSERT INTO `SYS_USER_ROLE` VALUES ('c6fe60fe4fee11e6af1500188b839ae8', 'd7c7b2624ee711e6af1500188b839ae8', 'e14ff9d24f0c11e6af1500188b839ae8');
INSERT INTO `SYS_USER_ROLE` VALUES ('c74f070e556911e6af1500188b839ae8', 'c74d9b62556911e6af1500188b839ae8', 'c0ab38ea546111e6af1500188b839ae8');
INSERT INTO `SYS_USER_ROLE` VALUES ('d195da2886d611e6b98600188b839ae8', 'd195655c86d611e6b98600188b839ae8', '7aac29e286d611e6b98600188b839ae8');
INSERT INTO `SYS_USER_ROLE` VALUES ('d9ea26ac49a011e6af1500188b839ae8', 'd9e5304849a011e6af1500188b839ae8', 'be2578481c0c11e6af1500188b839ae8');
INSERT INTO `SYS_USER_ROLE` VALUES ('da5e9ea8556a11e6af1500188b839ae8', 'beac22044ee711e6af1500188b839ae8', '6feedd344ff311e6af1500188b839ae8');
INSERT INTO `SYS_USER_ROLE` VALUES ('da5f72b0556a11e6af1500188b839ae8', 'beac22044ee711e6af1500188b839ae8', 'be2578481c0c11e6af1500188b839ae8');
INSERT INTO `SYS_USER_ROLE` VALUES ('da601c60556a11e6af1500188b839ae8', 'beac22044ee711e6af1500188b839ae8', 'c0ab38ea546111e6af1500188b839ae8');
INSERT INTO `SYS_USER_ROLE` VALUES ('e8c8dd1a496111e6af1500188b839ae8', '1984c5a222e511e6af1500188b839ae8', '178b0b5c126f11e6af1500188b839ae8');
INSERT INTO `SYS_USER_ROLE` VALUES ('e8d3ad8a496111e6af1500188b839ae8', '1984c5a222e511e6af1500188b839ae8', 'be2578481c0c11e6af1500188b839ae8');
INSERT INTO `SYS_USER_ROLE` VALUES ('f1a29cb84a6611e6af1500188b839ae8', 'f19cb3024a6611e6af1500188b839ae8', '178b0b5c126f11e6af1500188b839ae8');
INSERT INTO `SYS_USER_ROLE` VALUES ('f22032161c2311e6af1500188b839ae8', '6038c39018ea11e6af1500188b839ae8', '178b0b5c126f11e6af1500188b839ae8');
INSERT INTO `SYS_USER_ROLE` VALUES ('f929cd6c4a2a11e2af1500188b839ae8', 'f91eb8784a2a11e6af1500188b839ae8', '178b0b5c126f11e6af1500188b839ae8');
INSERT INTO `SYS_USER_ROLE` VALUES ('fb56e2c47f2111e6b98600188b839ae8', 'fb4f87c27f2111e6b98600188b839ae8', 'be2578481c0c11e6af1500188b839ae8');
INSERT INTO `SYS_USER_ROLE` VALUES ('fbdc7b1c69ed11e6b98600188b839ae8', '459b9b84634a11e6af1500188b839ae8', '178b0b5c126f11e6af1500188b839ae8');
